Node ID,New Node ID,Branch,Node Name,Tier #,Parent Nodes,Node Icon,Node Description,Cost,X coordinate,Y coordinate,Z coordinate
AA_0_Aircraft_First_Flight,,Aircraft,First Flight,0,,RDicon_flight,Initial powered flight and basic aviation.,5.0,-2600.0,600.0,0.0
AA_1_Aircraft_Expansion,,Aircraft,Aircraft Expansion,1,AA_0_Aircraft_First_Flight,RDicon_flight,Improved airframes and control surfaces.,15.0,-2400.0,600.0,0.0
AA_1_Structural_Industrial_Components,,Structural/Industrial,Industrial Components,1,AA_0_Aircraft_First_Flight,RDicon_structural,Foundational structural and industrial parts.,15.0,-2400.0,300.0,0.0
AA_1_Electrical_Basic_Electronics,,Electronics,Basic Electronics,1,AA_0_Aircraft_First_Flight,RDicon_electrics,Core avionics and electrical systems.,15.0,-2400.0,0.0,0.0
AA_1_Science_Basic,,Science,Basic Science,1,AA_0_Aircraft_First_Flight,RDicon_science,Fundamental scientific instruments.,15.0,-2400.0,-300.0,0.0
AA_1_Electrical_Radar_Technology,,Electronics,Radar Technology,1,AA_0_Aircraft_First_Flight,RDicon_electrics,Early radar and sensing systems.,15.0,-2400.0,-600.0,0.0
AA_2_Aircraft_Design,,Aircraft,Aircraft Design,2,AA_1_Aircraft_Expansion,RDicon_flight,Refined aircraft layouts and aerodynamics.,45.0,-2200.0,600.0,0.0
AA_2_Structural_Engineering,,Structural/Industrial,Structural Engineering,2,AA_1_Structural_Industrial_Components,RDicon_structural,Advanced structural techniques.,45.0,-2200.0,300.0,0.0
AA_2_Electrical_Fixed_Solar_Foundations,,Electronics,Fixed Solar Foundations,2,AA_1_Electrical_Basic_Electronics,RDicon_electrics,Early solar power generation.,45.0,-2200.0,0.0,0.0
AA_2_Communication_Antennas,,Communication,Antennas,2,AA_1_Electrical_Basic_Electronics,RDicon_communication,Basic communication systems.,45.0,-2200.0,-150.0,0.0
AA_2_Science_Instrumentation,,Science,Scientific Instrumentation,2,AA_1_Science_Basic,RDicon_science,Improved sensors and experiments.,45.0,-2200.0,-300.0,0.0
AA_2_Rover_Mobility,,Rover,Rover Mobility,2,AA_1_Structural_Industrial_Components,RDicon_rover,Rover wheels and basic mobility.,45.0,-2200.0,-450.0,0.0
AA_2_Rocket_Early_Rocketry,,Rocket_Archer,Early Rocketry,2,AA_1_Structural_Industrial_Components,RDicon_rocketry,First liquid-fueled rockets.,45.0,-2200.0,-600.0,0.0
AA_3_Aircraft_Systems,,Aircraft,Aircraft Systems,3,AA_2_Aircraft_Design,RDicon_flight,Integrated aircraft subsystems.,90.0,-2000.0,600.0,0.0
AA_3_Structural_Advanced_Construction,,Structural/Industrial,Advanced Construction,3,AA_2_Structural_Engineering,RDicon_structural,Pressurized and reinforced structures.,90.0,-2000.0,300.0,0.0
AA_3_Electrical_Power_Distribution,,Electronics,Power Distribution,3,AA_2_Electrical_Fixed_Solar_Foundations,RDicon_electrics,Power routing and regulation.,90.0,-2000.0,0.0,0.0
AA_3_Communication_Relay_Networks,,Communication,Relay Networks,3,AA_2_Communication_Antennas,RDicon_communication,Early relay satellites.,90.0,-2000.0,-150.0,0.0
AA_3_Science_Atmospheric_Research,,Science,Atmospheric Research,3,AA_2_Science_Instrumentation,RDicon_science,Upper-atmosphere science.,90.0,-2000.0,-300.0,0.0
AA_3_Rover_FieldOps,,Rover,Field Operations,3,AA_2_Rover_Mobility,RDicon_rover,Surface operations and tools.,90.0,-2000.0,-450.0,0.0
AA_3_Rocket_Orbital_Rocketry,,Rocket_Archer,Orbital Rocketry,3,AA_2_Rocket_Early_Rocketry,RDicon_rocketry,Achieving stable orbit.,90.0,-2000.0,-600.0,0.0
AA_4_NASA_Mercury,,Rocket_NASA,Mercury Program,4,AA_2_Rocket_Sounding_Rockets,,,,,,
AA_4_Aircraft_Performance,,Aircraft,Aircraft Performance,4,AA_3_Aircraft_Systems,RDicon_flight,High-performance flight regimes.,160.0,-1800.0,600.0,0.0
AA_4_Structural_Pressurized_Structures,,Structural/Industrial,Pressurized Structures,4,AA_3_Structural_Advanced_Construction,RDicon_structural,Habitable and sealed modules.,160.0,-1800.0,300.0,0.0
AA_4_Electrical_Energy_Storage,,Electronics,Energy Storage,4,AA_3_Electrical_Power_Distribution,RDicon_electrics,Batteries and storage systems.,160.0,-1800.0,0.0,0.0
AA_4_Communication_Deep_Space_Comms,,Communication,Deep Space Comms,4,AA_3_Communication_Relay_Networks,RDicon_communication,Long-range communication.,160.0,-1800.0,-150.0,0.0
AA_4_Science_Planetary_Research,,Science,Planetary Research,4,AA_3_Science_Atmospheric_Research,RDicon_science,Surface and orbital planetary science.,160.0,-1800.0,-300.0,0.0
AA_4_Rover_Exploration_Systems,,Rover,Exploration Systems,4,AA_3_Rover_FieldOps,RDicon_rover,Extended rover missions.,160.0,-1800.0,-450.0,0.0
AA_4_Rocket_Advanced_Engines,,Rocket_Archer,Advanced Engines,4,AA_3_Rocket_Orbital_Rocketry,RDicon_rocketry,More efficient rocket engines.,160.0,-1800.0,-600.0,0.0
AA_5_Aircraft_High_Performance,,Aircraft,High Performance Aircraft,5,AA_4_Aircraft_Performance,RDicon_flight,Advanced aircraft designs.,300.0,-1600.0,600.0,0.0
AA_5_Structural_Modular_Structures,,Structural/Industrial,Modular Structures,5,AA_4_Structural_Pressurized_Structures,RDicon_structural,Modular station components.,300.0,-1600.0,300.0,0.0
AA_5_Electrical_Advanced_Power,,Electronics,Advanced Power,5,AA_4_Electrical_Energy_Storage,RDicon_electrics,High-output power systems.,300.0,-1600.0,0.0,0.0
AA_5_Communication_High_Gain_Systems,,Communication,High Gain Systems,5,AA_4_Communication_Deep_Space_Comms,RDicon_communication,High-gain antennas.,300.0,-1600.0,-150.0,0.0
AA_5_Science_Orbital_Research,,Science,Orbital Research,5,AA_4_Science_Planetary_Research,RDicon_science,Advanced orbital experiments.,300.0,-1600.0,-300.0,0.0
AA_5_Rover_Surface_Operations,,Rover,Surface Operations,5,AA_4_Rover_Exploration_Systems,RDicon_rover,Sustained surface missions.,300.0,-1600.0,-450.0,0.0
AA_5_Rocket_Advanced_Rocketry,,Rocket_Archer,Advanced Rocketry,5,AA_4_Rocket_Advanced_Engines,RDicon_rocketry,Heavy-lift launch systems.,300.0,-1600.0,-600.0,0.0
AA_6_Aircraft_Supersonic_Flight,,Aircraft,Supersonic Flight,6,AA_5_Aircraft_High_Performance,RDicon_flight,Supersonic and high-altitude flight.,550.0,-1400.0,600.0,0.0
AA_6_Structural_Heavy_Construction,,Structural/Industrial,Heavy Construction,6,AA_5_Structural_Modular_Structures,RDicon_structural,Large-scale structural assemblies.,550.0,-1400.0,300.0,0.0
AA_6_Electrical_Nuclear_Power_Systems,,Electronics,Nuclear Power Systems,6,AA_5_Electrical_Advanced_Power,RDicon_electrics,Nuclear reactors and power.,550.0,-1400.0,0.0,0.0
AA_6_Communication_Interplanetary_Comms,,Communication,Interplanetary Comms,6,AA_5_Communication_High_Gain_Systems,RDicon_communication,Interplanetary communication.,550.0,-1400.0,-150.0,0.0
AA_6_Science_Deep_Space_Research,,Science,Deep Space Research,6,AA_5_Science_Orbital_Research,RDicon_science,Interplanetary science.,550.0,-1400.0,-300.0,0.0
AA_6_Rover_RuggedSystems,,Rover,Rugged Systems,6,AA_5_Rover_Surface_Operations,RDicon_rover,Heavy-duty rover equipment.,550.0,-1400.0,-450.0,0.0
AA_6_Rocket_Heavy_Rocketry,,Rocket_Archer,Heavy Rocketry,6,AA_5_Rocket_Advanced_Rocketry,RDicon_rocketry,Very large launch vehicles.,550.0,-1400.0,-600.0,0.0
AA_6_Soviet_Salyut_Mir,,Rocket_Soviet,Salyut / Mir,6,AA_5_Rocket_Advanced_Rocketry,RDicon_station,Early long-duration stations.,550.0,-1400.0,-750.0,0.0
AA_7_Aircraft_Hypersonic_Systems,,Aircraft,Hypersonic Systems,7,AA_6_Aircraft_Supersonic_Flight,RDicon_flight,Hypersonic flight technology.,800.0,-1200.0,600.0,0.0
AA_7_Structural_Orbital_Assembly,,Structural/Industrial,Orbital Assembly,7,AA_6_Structural_Heavy_Construction,RDicon_structural,In-orbit construction.,800.0,-1200.0,300.0,0.0
AA_7_Electrical_Power_Networks,,Electronics,Power Networks,7,AA_6_Electrical_Nuclear_Power_Systems,RDicon_electrics,Large-scale power grids.,800.0,-1200.0,0.0,0.0
AA_7_Communication_Advanced_Relays,,Communication,Advanced Relays,7,AA_6_Communication_Interplanetary_Comms,RDicon_communication,Robust relay networks.,800.0,-1200.0,-150.0,0.0
AA_7_Science_Interstellar_Phenomena,,Science,Interstellar Phenomena,7,AA_6_Science_Deep_Space_Research,RDicon_science,Exotic astrophysics.,800.0,-1200.0,-300.0,0.0
AA_7_Rover_Autonomous_Systems,,Rover,Autonomous Systems,7,AA_6_Rover_RuggedSystems,RDicon_rover,Automated surface ops.,800.0,-1200.0,-450.0,0.0
AA_7_Rocket_Specialized_Rocketry,,Rocket_Archer,Specialized Rocketry,7,AA_6_Rocket_Heavy_Rocketry,RDicon_rocketry,Special-purpose launch systems.,800.0,-1200.0,-600.0,0.0
AA_8_Aircraft_NextGen_Aerospace,,Aircraft,Next-Gen Aerospace,8,AA_7_Aircraft_Hypersonic_Systems,RDicon_flight,Advanced aerospace systems.,1100.0,-1000.0,600.0,0.0
AA_8_Structural_Megastructures,,Structural/Industrial,Megastructures,8,AA_7_Structural_Orbital_Assembly,RDicon_structural,Massive space structures.,1100.0,-1000.0,300.0,0.0
AA_8_Electrical_Grid_Scale_Power,,Electronics,Grid-Scale Power,8,AA_7_Electrical_Power_Networks,RDicon_electrics,Extreme power generation.,1100.0,-1000.0,0.0,0.0
AA_8_Communication_Galactic_Networks,,Communication,Galactic Networks,8,AA_7_Communication_Advanced_Relays,RDicon_communication,Galaxy-spanning comms.,1100.0,-1000.0,-150.0,0.0
AA_8_Science_Exotic_Physics,,Science,Exotic Physics,8,AA_7_Science_Interstellar_Phenomena,RDicon_science,Advanced theoretical science.,1100.0,-1000.0,-300.0,0.0
AA_8_Rover_Heavy_Industry,,Rover,Heavy Industry,8,AA_7_Rover_Autonomous_Systems,RDicon_rover,Industrial surface operations.,1100.0,-1000.0,-450.0,0.0
AA_8_NASA_SLS,,Rocket_NASA,NASA SLS,8,AA_7_Rocket_Specialized_Rocketry,RDicon_rocketry,SLS-class launch systems.,1100.0,-1000.0,-600.0,0.0
AA_8_Station_International_Space_Station,,Station,International Space Station,8,AA_6_Soviet_Salyut_Mir,RDicon_station,Large modular space stations.,1100.0,-1000.0,-750.0,0.0
AA_9_Aircraft_Orbital_Planes,,Aircraft,Orbital Planes,9,AA_8_Aircraft_NextGen_Aerospace,RDicon_flight,Spaceplane operations.,1500.0,-800.0,600.0,0.0
AA_9_Structural_Interplanetary_Frameworks,,Structural/Industrial,Interplanetary Frameworks,9,AA_8_Structural_Megastructures,RDicon_structural,Deep space construction.,1500.0,-800.0,300.0,0.0
AA_9_Electrical_Stellar_Power,,Electronics,Stellar Power,9,AA_8_Electrical_Grid_Scale_Power,RDicon_electrics,Extreme power systems.,1500.0,-800.0,0.0,0.0
AA_9_Communication_Interstellar_Comms,,Communication,Interstellar Comms,9,AA_8_Communication_Galactic_Networks,RDicon_communication,Interstellar communication.,1500.0,-800.0,-150.0,0.0
AA_9_Science_ExoticResearch,,Science,Exotic Research,9,AA_8_Science_Exotic_Physics,RDicon_science,Frontier scientific research.,1500.0,-800.0,-300.0,0.0
AA_9_Rocket_Experimental_Systems,,Rocket_Archer,Experimental Systems,9,AA_8_NASA_SLS,RDicon_rocketry,Next-generation propulsion.,1500.0,-800.0,-600.0,0.0
AA_9_Station_HeavyStations_375,,Station,Heavy Stations (3.75m),9,AA_8_Station_International_Space_Station,RDicon_station,Large-scale stations.,1500.0,-800.0,-750.0,0.0
AA_9_Resource_Industrial_Extraction,,ISRU,Industrial Resource Extraction,9,"AA_7_Rover_RuggedSystems,AA_6_Electrical_Nuclear_Power_Systems,AA_9_Science_ExoticResearch,AA_7_Rocket_Specialized_Rocketry",RDicon_fuelSystems,Industrial mining and ISRU.,1500.0,-800.0,-900.0,0.0
AA_10_Structural_Deep_Space_Construction,,Structural/Industrial,Deep Space Construction,10,AA_9_Structural_Interplanetary_Frameworks,RDicon_structural,Extreme construction projects.,2000.0,-600.0,300.0,0.0
AA_10_Electrical_Megascale_Energy,,Electronics,Megascale Energy,10,AA_9_Electrical_Stellar_Power,RDicon_electrics,Massive energy systems.,2000.0,-600.0,0.0,0.0
AA_10_Station_SuperheavyStations_5m,,Station,Superheavy Stations (5m),10,AA_9_Station_HeavyStations_375,RDicon_station,Ultra-large stations.,2000.0,-600.0,-750.0,0.0
AA_2_Science_Applied,,,Aa 2 Science Applied,,,,,,,,
AA_2_Rover_Rover_Systems,,,Aa 2 Rover Rover Systems,,,,,,,,
AA_2_Rocket_Sounding_Rockets,,,Aa 2 Rocket Sounding Rockets,,,,,,,,
AA_2_Recovery_Separation_And_Recovery,,,Aa 2 Recovery Separation And Recovery,,,,,,,,
AA_2_Soviet_Fellow_Traveler,,,Aa 2 Soviet Fellow Traveler,,,,,,,,
AA_3_Aircraft_Subsonic_Jets,,,Aa 3 Aircraft Subsonic Jets,,,,,,,,
AA_3_SRB_Basic,,,Aa 3 Srb Basic,,,,,,,,
AA_3_Electrical_Early_Orbital_Power,,,Aa 3 Electrical Early Orbital Power,,,,,,,,
AA_3_Science_FieldScience,,,Aa 3 Science Fieldscience,,,,,,,,
AA_3_Rocket_Small_Rockets,,,Aa 3 Rocket Small Rockets,,,,,,,,
AA_3_Recovery_Small_Recovery_Systems,,,Aa 3 Recovery Small Recovery Systems,,,,,,,,
AA_3_Soviet_Vostok,,,Aa 3 Soviet Vostok,,,,,,,,
AA_4_Science_OrbitalSurvey,,,Aa 4 Science Orbitalsurvey,,,,,,,,
AA_4_Communication_DTS_Systems,,,Aa 4 Communication Dts Systems,,,,,,,,
AA_4_Aircraft_Supersonic_Jets,,,Aa 4 Aircraft Supersonic Jets,,,,,,,,
AA_4_SRB_Medium,,,Aa 4 Srb Medium,,,,,,,,
AA_4_Electrical_Advanced_Fixed_Generation,,,Aa 4 Electrical Advanced Fixed Generation,,,,,,,,
AA_4_NASA_Docking,,,Aa 4 Nasa Docking,,,,,,,,
AA_4_Recovery_Separation_Systems,,,Aa 4 Recovery Separation Systems,,,,,,,,
AA_4_Soviet_Voskhod,,,Aa 4 Soviet Voskhod,,,,,,,,
AA_4_Probe_Basic_Probe_Cores,,,Aa 4 Probe Basic Probe Cores,,,,,,,,
AA_5_Science_AdvancedSurvey,,,Aa 5 Science Advancedsurvey,,,,,,,,
AA_5_Rover_MidSystems,,,Aa 5 Rover Midsystems,,,,,,,,
AA_5_Communication_Relay_Systems,,,Aa 5 Communication Relay Systems,,,,,,,,
AA_5_Aircraft_High_Altitude_Flight,,,Aa 5 Aircraft High Altitude Flight,,,,,,,,
AA_5_SRB_Heavy,,,Aa 5 Srb Heavy,,,,,,,,
AA_5_Electrical_Deployable_Power_Systems,,,Aa 5 Electrical Deployable Power Systems,,,,,,,,
AA_5_NASA_Gemini,,,Aa 5 Nasa Gemini,,,,,,,,
AA_5_Recovery_Large_Recovery_Systems,,,Aa 5 Recovery Large Recovery Systems,,,,,,,,
AA_5_Recovery_Large_Separation_Systems,,,Aa 5 Recovery Large Separation Systems,,,,,,,,
AA_5_Soviet_Soyuz,,,Aa 5 Soviet Soyuz,,,,,,,,
AA_6_Science_ScansatAdvanced,,,Aa 6 Science Scansatadvanced,,,,,,,,
AA_6_Communication_DeepSpace_Systems,,,Aa 6 Communication Deepspace Systems,,,,,,,,
AA_6_Aircraft_Hypersonic_Flight,,,Aa 6 Aircraft Hypersonic Flight,,,,,,,,
AA_6_SRB_Super_Heavy,,,Aa 6 Srb Super Heavy,,,,,,,,
AA_6_NASA_Apollo,,,Aa 6 Nasa Apollo,,,,,,,,
AA_6_Recovery_Heavy_Recovery_Systems,,,Aa 6 Recovery Heavy Recovery Systems,,,,,,,,
AA_6_Recovery_Heavy_Separation_Systems,,,Aa 6 Recovery Heavy Separation Systems,,,,,,,,
AA_6_Probe_Advanced_Probe_Cores,,,Aa 6 Probe Advanced Probe Cores,,,,,,,,
AA_7_Science_ShuttleMaterials,,,Aa 7 Science Shuttlematerials,,,,,,,,
AA_7_Rover_RuggedSystems,,,Aa 7 Rover Ruggedsystems,,,,,,,,
AA_7_Communication_Advanced_Relay,,,Aa 7 Communication Advanced Relay,,,,,,,,
AA_7_Aircraft_Heavy_Lift_Jets,,,Aa 7 Aircraft Heavy Lift Jets,,,,,,,,
AA_7_NASA_Shuttle,,,Aa 7 Nasa Shuttle,,,,,,,,
AA_7_Probe_Large_Probe_Cores,,,Aa 7 Probe Large Probe Cores,,,,,,,,
AA_8_Science_HighEndScience,,,Aa 8 Science Highendscience,,,,,,,,
AA_8_Communication_UltraDeepSpace,,,Aa 8 Communication Ultradeepspace,,,,,,,,
AA_8_Aircraft_Mk2_Spaceplanes,,,Aa 8 Aircraft Mk2 Spaceplanes,,,,,,,,
AA_9_Rocket_ExperimentalSystems,,,Aa 9 Rocket Experimentalsystems,,,,,,,,
AA_9_Probe_Remote_Guidance_Systems,,,Aa 9 Probe Remote Guidance Systems,,,,,,,,
AA_10_Station_SuperHeavyStations_5m,,,Aa 10 Station Superheavystations 5M,,,,,,,,
AA_10_Aircraft_AdvancedSSTO,,,Aa 10 Aircraft Advancedssto,,,,,,,,
AA_10_Rocket_NuclearPropulsion,,,Aa 10 Rocket Nuclearpropulsion,,,,,,,,
AA_T99_Parking,,,Aa T99 Parking,,,,,,,,
